lambda_nm,band,n_elem,solve_s,worker,A_absorber,A_Au,A_HTL,A_TiO2,A_FTO_total,A_cone,A_total,A_from_flux,R_implied,energy_residual
300.0,0,418497,1640.6,0,0.380633,1e-06,0.0,0.0,0.57308,0.083744,0.953714,0.967939,0.046286,-0.014225
310.0,0,418497,1646.6,1,0.454281,2e-06,-0.0,0.0,0.532387,0.066649,0.98667,1.000206,0.01333,-0.013536
320.0,0,418497,1562.1,0,0.461703,4e-06,-0.0,0.0,0.47625,0.065077,0.937957,0.950199,0.062043,-0.012242
330.0,0,418497,1669.6,1,0.546347,8e-06,-0.0,-0.0,0.436138,0.060036,0.982493,0.994592,0.017507,-0.012098
340.0,0,418497,1676.8,0,0.523577,9e-06,0.0,-0.0,0.4125,0.058024,0.936085,0.947064,0.063915,-0.010979
350.0,0,418497,1590.8,1,0.548201,7e-06,0.0,-0.0,0.389594,0.055544,0.937802,0.94792,0.062198,-0.010118
360.0,0,418497,1546.8,0,0.609458,8e-06,-0.0,0.0,0.365444,0.042829,0.97491,0.984875,0.02509,-0.009965
370.0,0,418497,1639.1,1,0.573012,5e-06,0.0,-0.0,0.348572,0.058022,0.921589,0.930477,0.078411,-0.008887
380.0,0,418497,2219.8,0,0.645643,1e-05,0.0,0.0,0.329928,0.049085,0.975581,0.984522,0.024419,-0.008941
390.0,0,418497,2227.7,1,0.685908,9e-06,-0.0,-0.0,0.284398,0.027616,0.970316,0.978768,0.029684,-0.008452
400.0,1,347726,2553.9,0,0.638394,6e-06,0.0,-0.0,0.297965,0.047535,0.936365,0.944093,0.063635,-0.007727
410.0,1,347726,2566.8,1,0.67927,1.3e-05,0.0,-0.0,0.282854,0.044575,0.962138,0.969711,0.037862,-0.007573
420.0,1,347726,2557.3,2,0.702538,1.6e-05,-0.0,0.0,0.242391,0.02494,0.944945,0.95204,0.055055,-0.007095
430.0,1,347726,2182.6,0,0.701772,9e-06,0.0,-0.0,0.241374,0.023908,0.943156,0.949909,0.056844,-0.006753
440.0,1,347726,2110.5,1,0.691879,1.3e-05,-0.0,0.0,0.230411,0.032003,0.922303,0.928613,0.077697,-0.006309
450.0,1,347726,2029.6,2,0.724764,2.1e-05,0.0,-0.0,0.206035,0.027224,0.93082,0.936914,0.06918,-0.006095
460.0,1,347726,2073.3,0,0.764386,2.3e-05,0.0,0.0,0.205827,0.020416,0.970236,0.976318,0.029764,-0.006082
470.0,1,347726,2192.7,1,0.764493,2.1e-05,0.0,0.0,0.216309,0.019437,0.980824,0.986713,0.019176,-0.005889
480.0,1,347726,2208.4,2,0.762472,2.4e-05,-0.0,0.0,0.215021,0.022811,0.977518,0.983146,0.022482,-0.005629
490.0,1,347726,2303.6,0,0.755379,3.1e-05,-0.0,-0.0,0.205302,0.022187,0.960712,0.966023,0.039288,-0.005311
500.0,1,347726,2315.3,1,0.759244,3.4e-05,-0.0,0.0,0.193504,0.023394,0.952783,0.957844,0.047217,-0.005061
510.0,1,347726,2306.6,2,0.772733,3.9e-05,-0.0,0.0,0.187653,0.023901,0.960424,0.96533,0.039576,-0.004905
520.0,1,347726,2137.5,0,0.789978,4.3e-05,0.0,-0.0,0.184656,0.021233,0.974678,0.979467,0.025322,-0.00479
530.0,1,347726,2182.2,1,0.799005,5.1e-05,0.0,-0.0,0.189739,0.020833,0.988794,0.993473,0.011206,-0.004678
540.0,1,347726,2154.5,2,0.799951,6.7e-05,-0.0,0.0,0.196301,0.022528,0.996319,1.000861,0.003681,-0.004542
550.0,1,347726,1593.3,0,0.797599,9.3e-05,-0.0,-0.0,0.201351,0.025503,0.999044,1.003435,0.000956,-0.004392
560.0,1,347726,1571.7,1,0.798572,0.000135,0.0,-0.0,0.200043,0.026932,0.998749,1.002985,0.001251,-0.004236
570.0,1,347726,1626.1,2,0.799134,0.000192,-0.0,-0.0,0.195234,0.025449,0.99456,0.998633,0.00544,-0.004073
580.0,1,347726,1365.1,0,0.795484,0.00027,0.0,-0.0,0.192309,0.023133,0.988063,0.991971,0.011937,-0.003908
590.0,1,347726,1377.9,1,0.787708,0.000366,0.0,-0.0,0.193866,0.021713,0.981941,0.985695,0.018059,-0.003754
600.0,2,131634,136.9,2,0.77922,0.000489,0.0,0.0,0.199174,0.022382,0.978883,0.982676,0.021117,-0.003793
610.0,2,131634,138.1,0,0.779323,0.000649,0.0,-0.0,0.20151,0.024152,0.981482,0.985162,0.018518,-0.00368
620.0,2,131634,139.4,1,0.787227,0.000881,0.0,-0.0,0.200455,0.02469,0.988563,0.992152,0.011437,-0.003589
630.0,2,131634,152.3,2,0.790472,0.001183,-0.0,-0.0,0.203661,0.024234,0.995316,0.998816,0.004684,-0.0035
640.0,2,131634,138.5,0,0.778289,0.001592,0.0,-0.0,0.217104,0.024031,0.996984,1.000382,0.003016,-0.003398
650.0,2,131634,168.3,1,0.768274,0.002267,0.0,0.0,0.223053,0.026056,0.993594,0.996877,0.006406,-0.003283
660.0,2,131634,133.5,2,0.771266,0.003174,0.0,0.0,0.208171,0.024068,0.982612,0.985762,0.017388,-0.00315
670.0,2,131634,163.5,0,0.76019,0.003752,0.0,0.0,0.208784,0.02325,0.972725,0.975751,0.027275,-0.003026
680.0,2,131634,152.3,1,0.750991,0.004352,-0.0,-0.0,0.217767,0.025508,0.97311,0.976049,0.02689,-0.002939
690.0,2,131634,144.7,2,0.740555,0.005118,0.0,-0.0,0.230048,0.029415,0.97572,0.978583,0.02428,-0.002863
700.0,2,131634,145.6,0,0.721504,0.005957,0.0,0.0,0.238919,0.031896,0.96638,0.969135,0.03362,-0.002755
710.0,2,131634,154.5,1,0.690921,0.006807,-0.0,-0.0,0.239321,0.030268,0.937049,0.939646,0.062951,-0.002597
720.0,2,131634,148.4,2,0.658345,0.007663,-0.0,0.0,0.233073,0.025182,0.899081,0.901504,0.100919,-0.002424
730.0,2,131634,139.1,0,0.638304,0.008363,-0.0,-0.0,0.227431,0.020034,0.874098,0.876391,0.125902,-0.002292
740.0,2,131634,155.9,1,0.639815,0.009594,0.0,0.0,0.229397,0.018303,0.878807,0.88105,0.121193,-0.002243
750.0,2,131634,125.9,2,0.659437,0.010694,-0.0,-0.0,0.241755,0.021329,0.911886,0.914152,0.088114,-0.002266
760.0,2,131634,150.1,0,0.680686,0.011859,0.0,0.0,0.262049,0.027896,0.954593,0.956904,0.045407,-0.00231
770.0,2,131634,154.2,1,0.676766,0.012705,-0.0,0.0,0.282117,0.033795,0.971588,0.973879,0.028412,-0.002291
780.0,2,131634,138.9,2,0.635015,0.012223,0.0,0.0,0.293813,0.034864,0.941051,0.943214,0.058949,-0.002163
790.0,2,131634,153.5,0,0.566086,0.011337,0.0,-0.0,0.296635,0.030686,0.874058,0.876016,0.125942,-0.001958
800.0,2,131634,142.5,1,0.495948,0.010262,-0.0,-0.0,0.296624,0.024425,0.802834,0.804588,0.197166,-0.001754
810.0,2,131634,142.4,2,0.438449,0.009355,-0.0,-0.0,0.299884,0.019089,0.747688,0.749282,0.252312,-0.001594
820.0,2,131634,138.8,0,0.395798,0.008518,-0.0,0.0,0.310568,0.016524,0.714884,0.716371,0.285116,-0.001487
830.0,2,131634,199.0,1,0.363859,0.008274,-0.0,0.0,0.329755,0.017271,0.701888,0.703313,0.298112,-0.001425
840.0,2,131634,129.5,2,0.343067,0.008421,-0.0,-0.0,0.357191,0.021532,0.708679,0.710084,0.291321,-0.001405
850.0,2,131634,165.4,0,0.324448,0.008982,-0.0,-0.0,0.393257,0.02927,0.726687,0.728094,0.273313,-0.001407
860.0,2,131634,139.3,1,0.290773,0.00958,0.0,-0.0,0.440383,0.04043,0.740736,0.742137,0.259264,-0.001401
870.0,2,131634,147.5,2,0.231334,0.01067,0.0,-0.0,0.496496,0.054184,0.7385,0.739865,0.2615,-0.001365
880.0,2,131634,165.2,0,0.13533,0.012116,-0.0,-0.0,0.555318,0.068533,0.702764,0.704033,0.297236,-0.00127
890.0,2,131634,146.8,1,0.057357,0.012903,0.0,-0.0,0.582828,0.075649,0.653088,0.654242,0.346912,-0.001154
900.0,2,131634,151.3,2,-0.0,0.012927,0.0,0.0,0.570681,0.072225,0.583607,0.584616,0.416393,-0.001008
