%lambda_um,n,k  BaZrS3: Tauc-Lorentz parameterisation of the MEASURED (spectroscopic ellipsometry) dielectric function, Table S2 of the supporting information of Nishigaki, Nagai, Nishiwaki, Aizawa, Kozawa, Hanzawa, Kato, Sai, Hiramatsu, Hosono, Fujiwara, Solar RRL 4 1900555 (2020), doi 10.1002/solr.201900555; 10 TL peaks, eps1_inf=1.719; eps1 by numerical Kramers-Kronig with singularity subtraction; evaluated 2026-08-01. REPLACES BaZrS3_nk_KK.csv, which was a KK transform of a COMPUTED (BSE/DFT) eps2 and hard-zeroed k at 690 nm from k=0.143.
0.300000,1.49865,1.48123
0.305000,1.61758,1.53492
0.310000,1.73468,1.55888
0.315000,1.83866,1.56432
0.320000,1.93230,1.56315
0.325000,2.02368,1.55654
0.330000,2.11339,1.53883
0.335000,2.19450,1.50856
0.340000,2.26194,1.47190
0.345000,2.31847,1.43618
0.350000,2.37080,1.40284
0.355000,2.42210,1.36765
0.360000,2.46938,1.32690
0.365000,2.50781,1.28199
0.370000,2.53617,1.23794
0.375000,2.55756,1.19870
0.380000,2.57626,1.16493
0.385000,2.59519,1.13485
0.390000,2.61512,1.10598
0.395000,2.63529,1.07644
0.400000,2.65423,1.04540
0.405000,2.67052,1.01308
0.410000,2.68324,0.98039
0.415000,2.69213,0.94856
0.420000,2.69757,0.91879
0.425000,2.70038,0.89199
0.430000,2.70161,0.86871
0.435000,2.70239,0.84909
0.440000,2.70375,0.83294
0.445000,2.70658,0.81984
0.450000,2.71158,0.80920
0.455000,2.71930,0.80031
0.460000,2.73014,0.79241
0.465000,2.74442,0.78468
0.470000,2.76240,0.77610
0.475000,2.78415,0.76530
0.480000,2.80910,0.75051
0.485000,2.83551,0.73002
0.490000,2.86062,0.70333
0.495000,2.88200,0.67176
0.500000,2.89883,0.63738
0.505000,2.91143,0.60174
0.510000,2.92037,0.56563
0.515000,2.92604,0.52940
0.520000,2.92861,0.49334
0.525000,2.92818,0.45775
0.530000,2.92487,0.42302
0.535000,2.91890,0.38953
0.540000,2.91052,0.35763
0.545000,2.90009,0.32765
0.550000,2.88803,0.29984
0.555000,2.87481,0.27437
0.560000,2.86096,0.25128
0.565000,2.84703,0.23048
0.570000,2.83356,0.21170
0.575000,2.82103,0.19439
0.580000,2.80956,0.17771
0.585000,2.79873,0.16086
0.590000,2.78764,0.14343
0.595000,2.77538,0.12577
0.600000,2.76158,0.10876
0.605000,2.74658,0.09321
0.610000,2.73110,0.07945
0.615000,2.71574,0.06728
0.620000,2.70076,0.05627
0.625000,2.68610,0.04600
0.630000,2.67144,0.03631
0.635000,2.65651,0.02727
0.640000,2.64115,0.01922
0.645000,2.62552,0.01250
0.650000,2.60997,0.00735
0.655000,2.59492,0.00377
0.660000,2.58073,0.00163
0.665000,2.56778,0.00054
0.670000,2.55597,0.00006
0.675000,2.54530,0.00000
0.680000,2.53560,0.00000
0.685000,2.52662,0.00000
0.690000,2.51822,0.00000
0.695000,2.51033,0.00000
0.700000,2.50288,0.00000
0.705000,2.49583,0.00000
0.710000,2.48914,0.00000
0.715000,2.48276,0.00000
0.720000,2.47668,0.00000
0.725000,2.47087,0.00000
0.730000,2.46531,0.00000
0.735000,2.45997,0.00000
0.740000,2.45486,0.00000
0.745000,2.44994,0.00000
0.750000,2.44522,0.00000
0.755000,2.44066,0.00000
0.760000,2.43628,0.00000
0.765000,2.43205,0.00000
0.770000,2.42796,0.00000
0.775000,2.42402,0.00000
0.780000,2.42020,0.00000
0.785000,2.41651,0.00000
0.790000,2.41294,0.00000
0.795000,2.40948,0.00000
0.800000,2.40612,0.00000
0.805000,2.40287,0.00000
0.810000,2.39972,0.00000
0.815000,2.39666,0.00000
0.820000,2.39368,0.00000
0.825000,2.39079,0.00000
0.830000,2.38799,0.00000
0.835000,2.38526,0.00000
0.840000,2.38260,0.00000
0.845000,2.38001,0.00000
0.850000,2.37750,0.00000
0.855000,2.37505,0.00000
0.860000,2.37266,0.00000
0.865000,2.37033,0.00000
0.870000,2.36807,0.00000
0.875000,2.36585,0.00000
0.880000,2.36370,0.00000
0.885000,2.36159,0.00000
0.890000,2.35954,0.00000
0.895000,2.35753,0.00000
0.900000,2.35557,0.00000
0.905000,2.35366,0.00000
0.910000,2.35179,0.00000
0.915000,2.34996,0.00000
0.920000,2.34818,0.00000
0.925000,2.34643,0.00000
0.930000,2.34472,0.00000
0.935000,2.34305,0.00000
0.940000,2.34141,0.00000
0.945000,2.33981,0.00000
0.950000,2.33825,0.00000
0.955000,2.33672,0.00000
0.960000,2.33521,0.00000
0.965000,2.33374,0.00000
0.970000,2.33230,0.00000
0.975000,2.33089,0.00000
0.980000,2.32951,0.00000
0.985000,2.32815,0.00000
0.990000,2.32682,0.00000
0.995000,2.32552,0.00000
1.000000,2.32424,0.00000
1.005000,2.32299,0.00000
1.010000,2.32176,0.00000
1.015000,2.32055,0.00000
1.020000,2.31937,0.00000
1.025000,2.31821,0.00000
1.030000,2.31707,0.00000
1.035000,2.31595,0.00000
1.040000,2.31485,0.00000
1.045000,2.31377,0.00000
1.050000,2.31271,0.00000
1.055000,2.31167,0.00000
1.060000,2.31065,0.00000
1.065000,2.30964,0.00000
1.070000,2.30865,0.00000
1.075000,2.30768,0.00000
1.080000,2.30673,0.00000
1.085000,2.30579,0.00000
1.090000,2.30487,0.00000
1.095000,2.30396,0.00000
1.100000,2.30307,0.00000
1.105000,2.30220,0.00000
1.110000,2.30133,0.00000
1.115000,2.30049,0.00000
1.120000,2.29965,0.00000
1.125000,2.29883,0.00000
1.130000,2.29802,0.00000
1.135000,2.29723,0.00000
1.140000,2.29645,0.00000
1.145000,2.29568,0.00000
1.150000,2.29492,0.00000
1.155000,2.29417,0.00000
1.160000,2.29344,0.00000
1.165000,2.29271,0.00000
1.170000,2.29200,0.00000
1.175000,2.29130,0.00000
1.180000,2.29061,0.00000
1.185000,2.28993,0.00000
1.190000,2.28926,0.00000
1.195000,2.28860,0.00000
1.200000,2.28795,0.00000
1.205000,2.28730,0.00000
1.210000,2.28667,0.00000
1.215000,2.28605,0.00000
1.220000,2.28543,0.00000
1.225000,2.28483,0.00000
1.230000,2.28423,0.00000
1.235000,2.28364,0.00000
1.240000,2.28306,0.00000
1.245000,2.28249,0.00000
1.250000,2.28193,0.00000
1.255000,2.28137,0.00000
1.260000,2.28082,0.00000
1.265000,2.28028,0.00000
1.270000,2.27975,0.00000
1.275000,2.27922,0.00000
1.280000,2.27870,0.00000
1.285000,2.27819,0.00000
1.290000,2.27769,0.00000
1.295000,2.27719,0.00000
1.300000,2.27669,0.00000
