%lambda_um,n,k  Cs2AgBiBr6 HSE06 optics: Eddekkar et al., Micro and Nanostructures 190 (2024) 207840; n from Fig 6f (validated n(0)=1.88); k from Fig 6b sigma via eps2=4pi*sigma/omega, k=eps2/2n (cross-checked vs Fig 6c eps2 peak 3.9@4.6eV; Fig 6a alpha axis is ~2pi too small vs panels b/c — documented provenance finding, panel (a) NOT used); k=0 below 2 eV per text; digitized 2026-07-19 stage47
0.250000,1.67666,1.003406
0.255000,1.75084,1.013018
0.260000,1.82694,1.010893
0.265000,1.88744,1.005173
0.270000,1.96169,0.981989
0.275000,2.02079,0.954723
0.280000,2.07496,0.922301
0.285000,2.12291,0.884450
0.290000,2.16486,0.848017
0.295000,2.20280,0.795117
0.300000,2.23504,0.757085
0.305000,2.26072,0.714811
0.310000,2.28192,0.672057
0.315000,2.30000,0.630615
0.320000,2.31161,0.589798
0.325000,2.32125,0.550836
0.330000,2.32905,0.513483
0.335000,2.33381,0.478755
0.340000,2.33520,0.445630
0.345000,2.33520,0.414989
0.350000,2.33413,0.385348
0.355000,2.33247,0.356144
0.360000,2.32882,0.329619
0.365000,2.33271,0.302392
0.370000,2.32037,0.278664
0.375000,2.30920,0.256575
0.380000,2.30414,0.235165
0.385000,2.29538,0.215095
0.390000,2.28615,0.196496
0.395000,2.27985,0.178957
0.400000,2.26546,0.163423
0.405000,2.25775,0.148431
0.410000,2.24910,0.133055
0.415000,2.24049,0.120217
0.420000,2.22988,0.108016
0.425000,2.21964,0.097429
0.430000,2.21127,0.087374
0.435000,2.20121,0.077631
0.440000,2.19041,0.068991
0.445000,2.18101,0.060858
0.450000,2.17291,0.054432
0.455000,2.16579,0.048129
0.460000,2.15710,0.041920
0.465000,2.14790,0.036305
0.470000,2.13836,0.031674
0.475000,2.13254,0.026821
0.480000,2.12593,0.023154
0.485000,2.11786,0.019587
0.490000,2.10993,0.016358
0.495000,2.10251,0.013955
0.500000,2.09663,0.012227
0.505000,2.09043,0.010987
0.510000,2.08393,0.009478
0.515000,2.07696,0.008132
0.520000,2.06994,0.006999
0.525000,2.06453,0.005729
0.530000,2.05942,0.004669
0.535000,2.05573,0.004115
0.540000,2.05191,0.003560
0.545000,2.04692,0.003004
0.550000,2.04227,0.002828
0.555000,2.03953,0.002858
0.560000,2.03677,0.002555
0.565000,2.03152,0.002004
0.570000,2.02637,0.001449
0.575000,2.02290,0.000893
0.580000,2.01977,0.000333
0.585000,2.01705,0.000000
0.590000,2.01463,0.000000
0.595000,2.01197,0.000000
0.600000,2.00846,0.000000
0.605000,2.00501,0.000000
0.610000,2.00207,0.000000
0.615000,1.99929,0.000000
0.620000,1.99655,0.000000
0.625000,1.99386,0.000000
0.630000,1.99121,0.000000
0.635000,1.98890,0.000000
0.640000,1.98684,0.000000
0.645000,1.98481,0.000000
0.650000,1.98203,0.000000
0.655000,1.97910,0.000000
0.660000,1.97621,0.000000
0.665000,1.97503,0.000000
0.670000,1.97408,0.000000
0.675000,1.97313,0.000000
0.680000,1.97143,0.000000
0.685000,1.96964,0.000000
0.690000,1.96786,0.000000
0.695000,1.96643,0.000000
0.700000,1.96516,0.000000
0.705000,1.96391,0.000000
0.710000,1.96267,0.000000
0.715000,1.96142,0.000000
0.720000,1.96020,0.000000
0.725000,1.95899,0.000000
0.730000,1.95746,0.000000
0.735000,1.95590,0.000000
0.740000,1.95436,0.000000
0.745000,1.95291,0.000000
0.750000,1.95181,0.000000
0.755000,1.95071,0.000000
0.760000,1.94964,0.000000
0.765000,1.94867,0.000000
0.770000,1.94795,0.000000
0.775000,1.94724,0.000000
0.780000,1.94653,0.000000
0.785000,1.94576,0.000000
0.790000,1.94477,0.000000
0.795000,1.94379,0.000000
0.800000,1.94282,0.000000
0.805000,1.94186,0.000000
0.810000,1.94089,0.000000
0.815000,1.93993,0.000000
0.820000,1.93899,0.000000
0.825000,1.93805,0.000000
0.830000,1.93713,0.000000
0.835000,1.93622,0.000000
0.840000,1.93532,0.000000
0.845000,1.93443,0.000000
0.850000,1.93355,0.000000
0.855000,1.93303,0.000000
0.860000,1.93275,0.000000
0.865000,1.93247,0.000000
0.870000,1.93220,0.000000
0.875000,1.93193,0.000000
0.880000,1.93138,0.000000
0.885000,1.93059,0.000000
0.890000,1.92981,0.000000
0.895000,1.92903,0.000000
0.900000,1.92827,0.000000
0.905000,1.92754,0.000000
0.910000,1.92702,0.000000
0.915000,1.92651,0.000000
0.920000,1.92600,0.000000
0.925000,1.92550,0.000000
0.930000,1.92501,0.000000
0.935000,1.92443,0.000000
0.940000,1.92373,0.000000
0.945000,1.92304,0.000000
0.950000,1.92235,0.000000
0.955000,1.92167,0.000000
0.960000,1.92100,0.000000
0.965000,1.92044,0.000000
0.970000,1.92020,0.000000
0.975000,1.91997,0.000000
0.980000,1.91974,0.000000
0.985000,1.91951,0.000000
0.990000,1.91929,0.000000
0.995000,1.91906,0.000000
1.000000,1.91870,0.000000
1.005000,1.91829,0.000000
1.010000,1.91789,0.000000
1.015000,1.91748,0.000000
1.020000,1.91709,0.000000
1.025000,1.91669,0.000000
1.030000,1.91630,0.000000
1.035000,1.91606,0.000000
1.040000,1.91587,0.000000
1.045000,1.91568,0.000000
1.050000,1.91549,0.000000
1.055000,1.91530,0.000000
1.060000,1.91512,0.000000
1.065000,1.91494,0.000000
1.070000,1.91476,0.000000
1.075000,1.91458,0.000000
1.080000,1.91440,0.000000
1.085000,1.91423,0.000000
1.090000,1.91405,0.000000
1.095000,1.91388,0.000000
1.100000,1.91371,0.000000
1.105000,1.91354,0.000000
1.110000,1.91332,0.000000
1.115000,1.91281,0.000000
1.120000,1.91230,0.000000
1.125000,1.91180,0.000000
1.130000,1.91130,0.000000
1.135000,1.91081,0.000000
1.140000,1.91032,0.000000
1.145000,1.90984,0.000000
1.150000,1.90936,0.000000
1.155000,1.90895,0.000000
1.160000,1.90863,0.000000
1.165000,1.90832,0.000000
1.170000,1.90801,0.000000
1.175000,1.90770,0.000000
1.180000,1.90739,0.000000
1.185000,1.90709,0.000000
1.190000,1.90678,0.000000
1.195000,1.90648,0.000000
1.200000,1.90619,0.000000
1.205000,1.90605,0.000000
1.210000,1.90591,0.000000
1.215000,1.90577,0.000000
1.220000,1.90563,0.000000
1.225000,1.90549,0.000000
1.230000,1.90536,0.000000
1.235000,1.90522,0.000000
1.240000,1.90509,0.000000
1.245000,1.90495,0.000000
1.250000,1.90482,0.000000
1.255000,1.90458,0.000000
1.260000,1.90432,0.000000
1.265000,1.90406,0.000000
1.270000,1.90381,0.000000
1.275000,1.90355,0.000000
1.280000,1.90330,0.000000
1.285000,1.90305,0.000000
1.290000,1.90280,0.000000
1.295000,1.90255,0.000000
1.300000,1.90231,0.000000
