%lambda_um,n,k  Cu2AgBiI6 (CABI) EXPERIMENTAL optics: k>=2.0eV & n(all): TABULATED ellipsometry, Kamppinen et al. Adv. Opt. Mater. 2026 14(5) e03237, doi 10.1002/adom.202503237, data Zenodo 10.5281/zenodo.17899531 (mean over samples, ~10% spread above gap; ~1.8x above the digitized Sansom PDS alpha - disclosed); k<2.0eV: Sansom JACS 2021 PDS decay shape anchored to the ellipsometry k(2.0eV) (ellipsometry sub-gap floor is a roughness artifact, ~20x PDS); k=0 below 1.40eV; anchors k(565)=0.8/alpha 1.7e5, n(610)~3.0 verified; built 2026-07-19 stage53
0.250000,1.60928,0.956313
0.255000,1.62220,0.976030
0.260000,1.65108,1.006913
0.265000,1.67992,1.036063
0.270000,1.70465,1.053532
0.275000,1.71985,1.077255
0.280000,1.75297,1.103685
0.285000,1.79158,1.132678
0.290000,1.84098,1.152818
0.295000,1.90103,1.163900
0.300000,1.94618,1.155735
0.305000,1.98060,1.146353
0.310000,2.01155,1.138255
0.315000,2.03693,1.129510
0.320000,2.06055,1.122135
0.325000,2.08705,1.114628
0.330000,2.10523,1.104968
0.335000,2.12622,1.100367
0.340000,2.14498,1.095335
0.345000,2.16300,1.093203
0.350000,2.17955,1.094885
0.355000,2.20125,1.089380
0.360000,2.22090,1.089025
0.365000,2.23765,1.096380
0.370000,2.25955,1.101455
0.375000,2.28785,1.100010
0.380000,2.31820,1.095197
0.385000,2.34503,1.086335
0.390000,2.36668,1.074770
0.395000,2.38593,1.062617
0.400000,2.40510,1.054492
0.405000,2.42050,1.044082
0.410000,2.44008,1.038315
0.415000,2.45103,1.029285
0.420000,2.46630,1.040548
0.425000,2.51563,1.066750
0.430000,2.59995,1.035745
0.435000,2.63292,0.952892
0.440000,2.61282,0.905670
0.445000,2.60243,0.885652
0.450000,2.59762,0.868895
0.455000,2.59477,0.853585
0.460000,2.60030,0.845725
0.465000,2.60232,0.835605
0.470000,2.60747,0.828620
0.475000,2.60805,0.817045
0.480000,2.61100,0.808957
0.485000,2.61503,0.802292
0.490000,2.61745,0.794115
0.495000,2.62115,0.787872
0.500000,2.62588,0.783365
0.505000,2.63080,0.779405
0.510000,2.63580,0.775735
0.515000,2.64615,0.777192
0.520000,2.65180,0.774543
0.525000,2.66158,0.775370
0.530000,2.67073,0.774963
0.535000,2.68393,0.777635
0.540000,2.69748,0.778585
0.545000,2.71230,0.778515
0.550000,2.73400,0.780550
0.555000,2.75795,0.780532
0.560000,2.78215,0.775382
0.565000,2.81803,0.771250
0.570000,2.84635,0.757410
0.575000,2.87788,0.738437
0.580000,2.90670,0.713170
0.585000,2.93088,0.683032
0.590000,2.95793,0.650562
0.595000,2.97313,0.612770
0.600000,2.98473,0.574597
0.605000,2.99015,0.534612
0.610000,2.99430,0.497112
0.615000,2.98847,0.459387
0.620000,2.98495,0.425884
0.625000,2.97465,0.365114
0.630000,2.96275,0.318696
0.635000,2.94852,0.286292
0.640000,2.93285,0.244915
0.645000,2.91965,0.214363
0.650000,2.90177,0.187410
0.655000,2.88855,0.162145
0.660000,2.87400,0.138446
0.665000,2.86020,0.115669
0.670000,2.84690,0.098193
0.675000,2.83362,0.079636
0.680000,2.82435,0.067597
0.685000,2.81530,0.056891
0.690000,2.80625,0.049121
0.695000,2.79370,0.039200
0.700000,2.78542,0.035632
0.705000,2.77995,0.028390
0.710000,2.77035,0.024997
0.715000,2.76755,0.023393
0.720000,2.76082,0.021745
0.725000,2.75430,0.021896
0.730000,2.74640,0.020210
0.735000,2.73972,0.020348
0.740000,2.73585,0.018624
0.745000,2.73110,0.018750
0.750000,2.72725,0.016987
0.755000,2.71870,0.017101
0.760000,2.71600,0.017214
0.765000,2.71370,0.017327
0.770000,2.70580,0.017440
0.775000,2.69997,0.017554
0.780000,2.69955,0.017667
0.785000,2.69667,0.017780
0.790000,2.69695,0.017893
0.795000,2.68797,0.018007
0.800000,2.68335,0.017769
0.805000,2.67915,0.016207
0.810000,2.67480,0.016308
0.815000,2.67183,0.016409
0.820000,2.66973,0.016509
0.825000,2.66972,0.016610
0.830000,2.66715,0.016711
0.835000,2.66502,0.016811
0.840000,2.66362,0.016912
0.845000,2.64957,0.017013
0.850000,2.64570,0.017113
0.855000,2.64307,0.017214
0.860000,2.63912,0.017315
0.865000,2.63765,0.017415
0.870000,2.63680,0.017516
0.875000,2.63345,0.017617
0.880000,2.63362,0.018708
0.885000,2.63025,0.000000
0.890000,2.62615,0.000000
0.895000,2.62665,0.000000
0.900000,2.62370,0.000000
0.905000,2.62350,0.000000
0.910000,2.61898,0.000000
0.915000,2.62127,0.000000
0.920000,2.61460,0.000000
0.925000,2.61315,0.000000
0.930000,2.61020,0.000000
0.935000,2.60997,0.000000
0.940000,2.60972,0.000000
0.945000,2.60635,0.000000
0.950000,2.60427,0.000000
0.955000,2.60175,0.000000
0.960000,2.59935,0.000000
0.965000,2.59793,0.000000
0.970000,2.59805,0.000000
0.975000,2.59648,0.000000
0.980000,2.59847,0.000000
0.985000,2.59415,0.000000
0.990000,2.59560,0.000000
0.995000,2.59132,0.000000
1.000000,2.58915,0.000000
1.005000,2.58780,0.000000
1.010000,2.58758,0.000000
1.015000,2.58620,0.000000
1.020000,2.58330,0.000000
1.025000,2.58200,0.000000
1.030000,2.58105,0.000000
1.035000,2.57963,0.000000
1.040000,2.57855,0.000000
1.045000,2.57585,0.000000
1.050000,2.57702,0.000000
1.055000,2.57430,0.000000
1.060000,2.57183,0.000000
1.065000,2.57220,0.000000
1.070000,2.57163,0.000000
1.075000,2.57052,0.000000
1.080000,2.57203,0.000000
1.085000,2.57160,0.000000
1.090000,2.56892,0.000000
1.095000,2.56540,0.000000
1.100000,2.56660,0.000000
1.105000,2.56630,0.000000
1.110000,2.56590,0.000000
1.115000,2.56392,0.000000
1.120000,2.56272,0.000000
1.125000,2.56227,0.000000
1.130000,2.56005,0.000000
1.135000,2.55665,0.000000
1.140000,2.55543,0.000000
1.145000,2.55665,0.000000
1.150000,2.55228,0.000000
1.155000,2.55392,0.000000
1.160000,2.55140,0.000000
1.165000,2.55582,0.000000
1.170000,2.55460,0.000000
1.175000,2.55567,0.000000
1.180000,2.55547,0.000000
1.185000,2.55292,0.000000
1.190000,2.55048,0.000000
1.195000,2.55063,0.000000
1.200000,2.55130,0.000000
1.205000,2.55020,0.000000
1.210000,2.54728,0.000000
1.215000,2.54937,0.000000
1.220000,2.54922,0.000000
1.225000,2.54802,0.000000
1.230000,2.54655,0.000000
1.235000,2.54495,0.000000
1.240000,2.54855,0.000000
1.245000,2.54685,0.000000
1.250000,2.54115,0.000000
1.255000,2.54292,0.000000
1.260000,2.54445,0.000000
1.265000,2.54585,0.000000
1.270000,2.54453,0.000000
1.275000,2.54440,0.000000
1.280000,2.54012,0.000000
1.285000,2.53763,0.000000
1.290000,2.53885,0.000000
1.295000,2.53707,0.000000
1.300000,2.53583,0.000000
