%lambda_um,n,k  CuO main layer, non-implanted: Ungeheuer, Marszalek, Mitura-Nowak, Rydosz et al., Sci. Rep. 13 (2023), Fig 4(e), pixel-traced (calibrated ticks), cross-validated vs Fig 4(a) alpha
0.250000,1.41530,0.673077
0.255000,1.42518,0.695200
0.260000,1.43507,0.719073
0.265000,1.44826,0.742003
0.270000,1.46167,0.765141
0.275000,1.47556,0.787752
0.280000,1.49286,0.811138
0.285000,1.50842,0.833541
0.290000,1.52509,0.856312
0.295000,1.54454,0.878331
0.300000,1.56506,0.899799
0.305000,1.62817,0.920157
0.310000,1.62295,0.941117
0.315000,1.63472,0.961054
0.320000,1.65533,0.979838
0.325000,1.68744,0.997955
0.330000,1.70797,1.014490
0.335000,1.73537,1.030565
0.340000,1.76638,1.046199
0.345000,1.79414,1.060314
0.350000,1.82579,1.071827
0.355000,1.85899,1.082953
0.360000,1.87989,1.092611
0.365000,1.90927,1.099309
0.370000,1.95715,1.104396
0.375000,1.97521,1.107692
0.380000,2.00062,1.109890
0.385000,2.05678,1.109890
0.390000,2.08985,1.108791
0.395000,2.12373,1.104703
0.400000,2.15681,1.099464
0.405000,2.18911,1.092005
0.410000,2.21848,1.083133
0.415000,2.24820,1.072304
0.420000,2.27738,1.060608
0.425000,2.30451,1.049527
0.430000,2.33129,1.033998
0.435000,2.35623,1.020464
0.440000,2.37967,1.005291
0.445000,2.40129,0.989311
0.450000,2.42223,0.972143
0.455000,2.44702,0.955971
0.460000,2.46151,0.937953
0.465000,2.47892,0.919177
0.470000,2.49500,0.902742
0.475000,2.49479,0.884890
0.480000,2.53836,0.868601
0.485000,2.53757,0.851110
0.490000,2.54966,0.834059
0.495000,2.55990,0.816380
0.500000,2.57128,0.799705
0.505000,2.58141,0.783514
0.510000,2.59105,0.765246
0.515000,2.59721,0.749934
0.520000,2.60648,0.734684
0.525000,2.61365,0.718870
0.530000,2.61976,0.704135
0.535000,2.62579,0.687718
0.540000,2.63031,0.672724
0.545000,2.63645,0.659144
0.550000,2.64174,0.643673
0.555000,2.64581,0.629600
0.560000,2.64980,0.616916
0.565000,2.65373,0.602277
0.570000,2.65758,0.589092
0.575000,2.66117,0.576267
0.580000,2.66242,0.563173
0.585000,2.66447,0.551216
0.590000,2.66776,0.538567
0.595000,2.66929,0.526777
0.600000,2.67106,0.514124
0.605000,2.67143,0.502682
0.610000,2.67436,0.491299
0.615000,2.67436,0.479335
0.620000,2.67436,0.469429
0.625000,2.67614,0.457710
0.630000,2.67765,0.446188
0.635000,2.67765,0.435707
0.640000,2.67765,0.427559
0.645000,2.67765,0.415631
0.650000,2.67765,0.405047
0.655000,2.67745,0.396037
0.660000,2.67458,0.386463
0.665000,2.67436,0.376395
0.670000,2.67436,0.367743
0.675000,2.67436,0.357562
0.680000,2.67176,0.349574
0.685000,2.67106,0.340688
0.690000,2.66846,0.332797
0.695000,2.66776,0.322201
0.700000,2.66627,0.313693
0.705000,2.66447,0.306405
0.710000,2.66137,0.299169
0.715000,2.66048,0.289983
0.720000,2.65660,0.282917
0.725000,2.65623,0.275475
0.730000,2.65375,0.268392
0.735000,2.64964,0.261604
0.740000,2.64785,0.253663
0.745000,2.64634,0.247657
0.750000,2.64220,0.240632
0.755000,2.63878,0.233495
0.760000,2.63662,0.227804
0.765000,2.63284,0.221121
0.770000,2.62995,0.215499
0.775000,2.62700,0.209142
0.780000,2.62333,0.204454
0.785000,2.62092,0.199065
0.790000,2.61692,0.193726
0.795000,2.61296,0.188454
0.800000,2.60906,0.183248
0.805000,2.60682,0.179184
0.810000,2.60304,0.174127
0.815000,2.59928,0.169720
0.820000,2.59490,0.166354
0.825000,2.59025,0.162029
0.830000,2.58764,0.158402
0.835000,2.58469,0.154819
0.840000,2.58115,0.124744
0.845000,2.57627,0.116484
0.850000,2.57255,0.116484
0.855000,2.56913,0.115466
0.860000,2.56419,0.128121
0.865000,2.56077,0.127856
0.870000,2.55747,0.125485
0.875000,2.55421,0.123302
0.880000,2.55098,0.122062
0.885000,2.54631,0.121114
0.890000,2.54300,0.119959
0.895000,2.53988,0.118900
0.900000,2.53680,0.117873
0.905000,2.53375,0.118551
0.910000,2.53073,0.121366
0.915000,2.52775,0.122549
0.920000,2.52480,0.121978
0.925000,2.52231,0.121406
0.930000,2.52087,0.119780
0.935000,2.51944,0.119778
0.940000,2.51661,0.118836
0.945000,2.51382,0.117904
0.950000,2.51195,0.117582
0.955000,2.51058,0.117168
0.960000,2.50890,0.116266
0.965000,2.50624,0.115385
0.970000,2.50492,0.115385
0.975000,2.50259,0.114711
0.980000,2.50132,0.113845
0.985000,2.50072,0.113187
0.990000,2.49817,0.113187
0.995000,2.49802,0.112397
1.000000,2.49645,0.112088
1.005000,2.49398,0.112088
1.010000,2.49154,0.112088
1.015000,2.49143,0.112088
1.020000,2.49001,0.112088
1.025000,2.48813,0.112088
1.030000,2.48813,0.112088
1.035000,2.48625,0.112088
1.040000,2.48484,0.112088
1.045000,2.48484,0.112088
1.050000,2.48270,0.112088
1.055000,2.48154,0.112088
1.060000,2.48154,0.112084
1.065000,2.48044,0.111351
1.070000,2.47935,0.110624
1.075000,2.47827,0.109905
1.080000,2.47720,0.109192
1.085000,2.47614,0.107873
1.090000,2.47509,0.105773
1.095000,2.47405,0.105495
1.100000,2.47302,0.105305
1.105000,2.47200,0.104624
1.110000,2.47099,0.104396
1.115000,2.47001,0.104380
1.120000,2.47001,0.103717
1.125000,2.46965,0.103297
1.130000,2.46867,0.103297
1.135000,2.46771,0.103297
1.140000,2.46675,0.103297
1.145000,2.46671,0.103297
1.150000,2.46650,0.103297
1.155000,2.46557,0.103297
1.160000,2.46464,0.103297
1.165000,2.46372,0.103297
1.170000,2.46341,0.103297
1.175000,2.46341,0.103297
1.180000,2.46341,0.103297
1.185000,2.46341,0.103297
1.190000,2.46167,0.103297
1.195000,2.46012,0.103297
1.200000,2.46012,0.103297
1.205000,2.46012,0.103297
1.210000,2.46012,0.103297
1.215000,2.45989,0.103297
1.220000,2.45906,0.103297
1.225000,2.45847,0.103297
1.230000,2.45847,0.103297
1.235000,2.45823,0.103297
1.240000,2.45742,0.103297
1.245000,2.45682,0.103297
1.250000,2.45682,0.103297
1.255000,2.45682,0.103297
1.260000,2.45682,0.103297
1.265000,2.45682,0.103297
1.270000,2.45682,0.103297
1.275000,2.45682,0.103297
1.280000,2.45682,0.103297
1.285000,2.45682,0.103297
1.290000,2.45625,0.103297
1.295000,2.45551,0.103297
1.300000,2.45517,0.103297
