%lambda_um,n,k  FASnI3 pure film: TABULATED complex dielectric function from the supplementary material of Ghimire, Zhao, Yan, Podraza, AIP Adv 7 075108 (2017), doi 10.1063/1.4994211, CC-BY; table 'Spectra in eps for FASnI3' (695 pts, 0.7348-5.8868 eV); eps from point-by-point numerical inversion of VASE N/C/S at 60+70 deg (NOT a parametric fit, NOT digitized); converted to n,k via n,k=sqrt((|eps|+/-eps1)/2) on 2026-08-01. REPLACES the figure-digitized FASnI3_nk_Ghimire2017.csv, which had a 5.8x discontinuity in k at the 1.70 eV Fig2/Fig3A splice.
0.301562,1.76202,0.90274
0.303162,1.76991,0.90016
0.304757,1.77842,0.89746
0.306353,1.78541,0.89329
0.307951,1.79286,0.88858
0.309543,1.79883,0.88398
0.311143,1.80367,0.87914
0.312736,1.80704,0.87345
0.314330,1.80896,0.86744
0.315932,1.81206,0.86164
0.317526,1.81168,0.85730
0.319119,1.81039,0.85245
0.320721,1.80948,0.84932
0.322313,1.80668,0.84672
0.323913,1.80323,0.84604
0.325503,1.79958,0.84447
0.327101,1.79637,0.84478
0.328696,1.79230,0.84607
0.330290,1.78930,0.84880
0.331890,1.78565,0.85098
0.333488,1.78193,0.85497
0.335083,1.77943,0.85914
0.336676,1.77769,0.86510
0.338274,1.77573,0.86958
0.339869,1.77372,0.87664
0.341470,1.77338,0.88256
0.343066,1.77309,0.88905
0.344659,1.77358,0.89423
0.346257,1.77431,0.90130
0.347850,1.77598,0.90841
0.349448,1.77636,0.91529
0.351041,1.77900,0.92122
0.352639,1.78082,0.92891
0.354241,1.78253,0.93570
0.355837,1.78488,0.94280
0.357427,1.78838,0.94955
0.359021,1.79163,0.95674
0.360618,1.79478,0.96320
0.362220,1.79877,0.96933
0.363814,1.80389,0.97502
0.365412,1.80829,0.98069
0.367002,1.81312,0.98570
0.368606,1.81777,0.99185
0.370202,1.82330,0.99782
0.371789,1.82782,1.00481
0.373390,1.83305,1.01141
0.374982,1.83677,1.01918
0.376577,1.84171,1.02617
0.378174,1.84680,1.03371
0.379772,1.85280,1.03905
0.381372,1.85996,1.04451
0.382963,1.86648,1.04927
0.384566,1.87320,1.05518
0.386159,1.88108,1.05944
0.387754,1.88836,1.06470
0.389349,1.89583,1.06974
0.390945,1.90269,1.07425
0.392541,1.90944,1.07964
0.394139,1.91558,1.08445
0.395736,1.92281,1.08982
0.397334,1.92947,1.09493
0.398932,1.93519,1.09915
0.400517,1.94238,1.10509
0.402115,1.94942,1.11016
0.403713,1.95564,1.11476
0.405310,1.96224,1.12037
0.406906,1.96973,1.12506
0.408501,1.97668,1.13004
0.410096,1.98388,1.13453
0.411689,1.99172,1.13892
0.413294,1.99856,1.14402
0.414885,2.00775,1.14835
0.416488,2.01537,1.15293
0.418075,2.02446,1.15779
0.419674,2.03258,1.16188
0.421271,2.04219,1.16611
0.422866,2.05128,1.17028
0.424458,2.06106,1.17424
0.426063,2.06991,1.17792
0.427650,2.08003,1.18157
0.429249,2.08965,1.18504
0.430845,2.09998,1.18822
0.432438,2.11032,1.19232
0.434042,2.12060,1.19515
0.435628,2.13129,1.19716
0.437226,2.14234,1.19968
0.438820,2.15350,1.20311
0.440426,2.16454,1.20509
0.442011,2.17596,1.20735
0.443609,2.18711,1.20845
0.445202,2.19824,1.20991
0.446806,2.20991,1.21079
0.448390,2.22173,1.21275
0.450001,2.23415,1.21264
0.451591,2.24485,1.21287
0.453192,2.25603,1.21331
0.454788,2.26779,1.21349
0.456378,2.28058,1.21304
0.457963,2.29137,1.21250
0.459558,2.30263,1.21229
0.461165,2.31347,1.21039
0.462766,2.32540,1.20924
0.464360,2.33555,1.20785
0.465948,2.34768,1.20632
0.467547,2.35892,1.20427
0.469140,2.36861,1.20236
0.470743,2.37921,1.20060
0.472321,2.38991,1.19875
0.473928,2.40095,1.19592
0.475527,2.41055,1.19318
0.477119,2.42271,1.19037
0.478703,2.43240,1.18844
0.480298,2.44292,1.18554
0.481904,2.45306,1.18263
0.483501,2.46246,1.17958
0.485090,2.47168,1.17687
0.486690,2.48251,1.17330
0.488281,2.49191,1.17000
0.489882,2.50215,1.16707
0.491474,2.51204,1.16401
0.493057,2.52155,1.16005
0.494670,2.53105,1.15697
0.496254,2.53990,1.15302
0.497849,2.55026,1.14971
0.499453,2.55905,1.14563
0.501047,2.56896,1.14204
0.502632,2.57883,1.13804
0.504226,2.58791,1.13348
0.505831,2.59757,1.13002
0.507425,2.60760,1.12436
0.509008,2.61792,1.11991
0.510601,2.62783,1.11629
0.512204,2.63780,1.11103
0.513796,2.64713,1.10622
0.515398,2.65703,1.10058
0.516989,2.66692,1.09493
0.518589,2.67674,1.08943
0.520177,2.68610,1.08300
0.521775,2.69613,1.07659
0.523361,2.70517,1.07063
0.524956,2.71481,1.06322
0.526562,2.72353,1.05701
0.528154,2.73238,1.04960
0.529756,2.74106,1.04218
0.531346,2.75024,1.03475
0.532944,2.75877,1.02767
0.534530,2.76642,1.01905
0.536125,2.77534,1.01001
0.537729,2.78339,1.00226
0.539320,2.79099,0.99316
0.540896,2.79813,0.98523
0.542505,2.80534,0.97699
0.544101,2.81271,0.96785
0.545681,2.81810,0.95869
0.547271,2.82537,0.95063
0.548870,2.83145,0.94050
0.550478,2.83750,0.93212
0.552071,2.84360,0.92293
0.553649,2.84924,0.91371
0.555261,2.85509,0.90499
0.556857,2.85913,0.89520
0.558437,2.86482,0.88590
0.560026,2.86918,0.87634
0.561624,2.87384,0.86736
0.563232,2.87768,0.85826
0.564823,2.88138,0.84926
0.566396,2.88541,0.84007
0.568005,2.88893,0.83159
0.569597,2.89225,0.82252
0.571198,2.89526,0.81330
0.572781,2.89882,0.80471
0.574373,2.90202,0.79584
0.575974,2.90475,0.78707
0.577557,2.90739,0.77874
0.579149,2.90985,0.77007
0.580749,2.91212,0.76120
0.582331,2.91510,0.75341
0.583950,2.91681,0.74498
0.585522,2.91901,0.73701
0.587130,2.92116,0.72876
0.588719,2.92272,0.72068
0.590317,2.92439,0.71267
0.591895,2.92611,0.70574
0.593481,2.92810,0.69704
0.595077,2.92990,0.68964
0.596680,2.93108,0.68139
0.598264,2.93273,0.67443
0.599856,2.93396,0.66619
0.601456,2.93566,0.65921
0.603065,2.93693,0.65229
0.604653,2.93997,0.64547
0.606250,2.94094,0.63697
0.607825,2.94142,0.63041
0.609409,2.94271,0.62275
0.611000,2.94386,0.61633
0.612600,2.94469,0.60911
0.614209,2.94582,0.60147
0.615795,2.94635,0.59375
0.617390,2.94912,0.58769
0.618962,2.95056,0.58035
0.620573,2.95023,0.57330
0.622161,2.95169,0.56552
0.623757,2.95418,0.55866
0.625330,2.95577,0.55229
0.626943,2.95665,0.54395
0.628532,2.95810,0.53616
0.630129,2.95842,0.52842
0.631702,2.96078,0.52126
0.633316,2.96168,0.51347
0.634905,2.96457,0.50674
0.636502,2.96575,0.49776
0.638074,2.96616,0.49092
0.639687,2.96831,0.48232
0.641275,2.96754,0.47272
0.642871,2.96930,0.46406
0.644442,2.96932,0.45437
0.646054,2.96880,0.44504
0.647640,2.96960,0.43471
0.649234,2.96861,0.42303
0.650801,2.96720,0.41415
0.652411,2.96536,0.40364
0.653994,2.96346,0.39230
0.655585,2.95697,0.38077
0.657183,2.95404,0.37182
0.658755,2.94882,0.36435
0.660369,2.94224,0.35745
0.661955,2.93652,0.34987
0.663549,2.93100,0.34390
0.665116,2.92512,0.33927
0.666725,2.92147,0.33370
0.668306,2.91692,0.32938
0.669895,2.91214,0.32574
0.671492,2.90952,0.32128
0.673096,2.90629,0.31612
0.674670,2.90316,0.31292
0.676253,2.90100,0.30802
0.677843,2.89719,0.30462
0.679440,2.89438,0.29979
0.681045,2.89167,0.29416
0.682620,2.88777,0.28951
0.684202,2.88502,0.28561
0.685791,2.88206,0.28147
0.687388,2.87913,0.27665
0.688992,2.87603,0.27267
0.690566,2.87307,0.26838
0.692185,2.86989,0.26439
0.693773,2.86694,0.26015
0.695329,2.86343,0.25603
0.696932,2.85976,0.25230
0.698542,2.85656,0.24760
0.700120,2.85328,0.24466
0.701705,2.84999,0.24136
0.703297,2.84709,0.23824
0.704896,2.84418,0.23507
0.706463,2.84076,0.23178
0.708076,2.83670,0.22873
0.709657,2.83399,0.22497
0.711245,2.82990,0.22225
0.712840,2.82681,0.21921
0.714400,2.82369,0.21681
0.716009,2.82026,0.21470
0.717584,2.81704,0.21237
0.719208,2.81463,0.20949
0.720796,2.81172,0.20713
0.722350,2.80838,0.20497
0.723953,2.80484,0.20288
0.725563,2.80159,0.20073
0.727137,2.79867,0.19851
0.728719,2.79528,0.19653
0.730307,2.79237,0.19476
0.731902,2.79003,0.19288
0.733504,2.78756,0.19107
0.735070,2.78573,0.18963
0.736642,2.78325,0.18785
0.738265,2.78005,0.18635
0.739851,2.77696,0.18487
0.741444,2.77511,0.18308
0.742999,2.77298,0.18163
0.744605,2.77079,0.18037
0.746174,2.76832,0.17893
0.747794,2.76602,0.17742
0.749376,2.76361,0.17616
0.750964,2.76167,0.17479
0.752560,2.75985,0.17366
0.754116,2.75807,0.17213
0.755725,2.75564,0.17098
0.757294,2.75358,0.16993
0.758870,2.75165,0.16860
0.760453,2.74944,0.16745
0.762042,2.74743,0.16594
0.763638,2.74520,0.16455
0.765240,2.74483,0.16348
0.766802,2.74481,0.16244
0.768418,2.74315,0.16150
0.769993,2.74114,0.16049
0.771574,2.73955,0.15953
0.773162,2.73824,0.15848
0.774756,2.73657,0.15755
0.776357,2.73486,0.15651
0.777916,2.73340,0.15565
0.779530,2.73184,0.15450
0.781101,2.73039,0.15343
0.782679,2.72903,0.15245
0.784263,2.72786,0.15129
0.785854,2.72689,0.15034
0.787451,2.72484,0.14946
0.789055,2.72388,0.14822
0.790615,2.72334,0.14705
0.792181,2.72278,0.14604
0.793804,2.72164,0.14518
0.795382,2.71985,0.14418
0.796967,2.71909,0.14319
0.798559,2.71827,0.14196
0.800156,2.71784,0.14085
0.801708,2.71690,0.14005
0.803319,2.71584,0.13912
0.804883,2.71483,0.13809
0.806454,2.71385,0.13710
0.808030,2.71297,0.13598
0.809666,2.71221,0.13476
0.811203,2.71178,0.13369
0.812798,2.71070,0.13254
0.814400,2.71003,0.13146
0.815954,2.70952,0.13048
0.817568,2.70910,0.12921
0.819134,2.70800,0.12798
0.820707,2.70657,0.12603
0.822340,2.70723,0.12446
0.823925,2.70913,0.12286
0.825461,2.71069,0.12114
0.827058,2.71105,0.11976
0.828661,2.71064,0.11848
0.830214,2.71148,0.11698
0.831830,2.71146,0.11547
0.833395,2.70980,0.11442
0.834967,2.70950,0.11282
0.836544,2.71075,0.11111
0.838127,2.71171,0.10961
0.839717,2.71103,0.10811
0.841312,2.71033,0.10630
0.842914,2.71110,0.10432
0.844464,2.71157,0.10255
0.846077,2.71195,0.10177
0.847639,2.71099,0.09965
0.849265,2.70990,0.09730
0.850839,2.70962,0.09543
0.852418,2.70933,0.09329
0.854003,2.70858,0.09058
0.855594,2.70787,0.08774
0.857132,2.70769,0.08515
0.858735,2.70683,0.08138
0.860284,2.70613,0.07814
0.861899,2.70559,0.07486
0.863460,2.70502,0.07171
0.865086,2.70354,0.06775
0.866659,2.70277,0.06387
0.868237,2.70232,0.06001
0.869820,2.70078,0.05607
0.871410,2.69880,0.05228
0.872944,2.69748,0.04771
0.874545,2.69590,0.04384
0.876151,2.69358,0.03999
0.877702,2.69108,0.03504
0.879321,2.68771,0.03063
0.880882,2.68566,0.02616
0.882450,2.68653,0.02316
0.884023,2.68776,0.02045
0.885601,2.68846,0.01784
0.887186,2.68684,0.01521
0.888776,2.68200,0.01288
0.890371,2.67706,0.01085
0.891908,2.67132,0.00849
0.893515,2.66425,0.00553
0.895128,2.66037,0.00284
0.896682,2.65930,0.00049
0.898241,2.65865,0.00000
0.899871,2.65569,0.00000
0.901441,2.64936,0.00000
0.903017,2.64242,0.00000
0.904598,2.63747,0.00000
0.906185,2.63672,0.00000
0.907711,2.63735,0.00000
0.909308,2.63600,0.00000
0.910912,2.63032,0.00000
0.912454,2.62228,0.00000
0.914068,2.61507,0.00000
0.915621,2.61189,0.00000
0.917246,2.61147,0.00000
0.918810,2.61215,0.00000
0.920379,2.61229,0.00000
0.921953,2.61082,0.00000
0.923532,2.60876,0.00000
0.925117,2.60674,0.00000
0.926707,2.60440,0.00000
0.928234,2.60119,0.00000
0.929835,2.59667,0.00000
0.931442,2.59230,0.00000
0.932984,2.58890,0.00000
0.934601,2.58580,0.00000
0.936154,2.58098,0.00000
0.937711,2.57756,0.00000
0.939274,2.57655,0.00000
0.940914,2.57486,0.00000
0.942487,2.57292,0.00000
0.944066,2.57009,0.00000
0.945650,2.56777,0.00000
0.947167,2.56537,0.00000
0.948762,2.56227,0.00000
0.950362,2.56049,0.00000
0.951894,2.55977,0.00000
0.953505,2.55846,0.00000
0.955047,2.55731,0.00000
0.956668,2.55655,0.00000
0.958221,2.55545,0.00000
0.959779,2.55302,0.00000
0.961416,2.55009,0.00115
0.962984,2.54680,0.00067
0.964557,2.54313,0.00141
0.966136,2.54003,0.00307
0.967719,2.53769,0.00037
0.969232,2.53556,0.00004
0.970826,2.53260,0.00081
0.972425,2.53149,0.00077
0.973953,2.52963,0.00082
0.975562,2.52782,0.00087
0.977100,2.52569,0.00126
0.978720,2.52609,0.00056
0.980267,2.52878,0.00028
0.981897,2.52914,0.00030
0.983455,2.53083,0.00000
0.985018,2.53322,0.00000
0.986585,2.53120,0.00000
0.988158,2.52631,0.00086
0.989736,2.52329,0.00158
0.991318,2.52045,0.00204
0.992906,2.52009,0.00151
0.994419,2.52176,0.00097
0.996017,2.52328,0.00032
0.997620,2.52582,0.00008
0.999147,2.52729,0.00005
1.012612,2.48015,0.00532
1.016014,2.47697,0.00511
1.019355,2.47599,0.00707
1.022719,2.47133,0.00489
1.026104,2.47141,0.00594
1.029513,2.47236,0.00639
1.032857,2.46626,0.00423
1.036224,2.46733,0.00410
1.039613,2.46335,0.00407
1.043023,2.46290,0.00405
1.046368,2.46226,0.00458
1.049735,2.46234,0.00420
1.053123,2.45915,0.00385
1.056533,2.45760,0.00470
1.059875,2.45618,0.00421
1.063329,2.45450,0.00355
1.066714,2.45349,0.00352
1.070028,2.45270,0.00357
1.073456,2.44903,0.00312
1.076813,2.44960,0.00298
1.080190,2.44943,0.00353
1.083588,2.44852,0.00355
1.087009,2.44681,0.00252
1.090354,2.44567,0.00309
1.093817,2.44304,0.00376
1.097205,2.44110,0.00148
1.100517,2.43995,0.00289
1.103946,2.44008,0.00265
1.107397,2.44020,0.00209
1.110770,2.43976,0.00234
1.114164,2.43768,0.00185
1.117579,2.43560,0.00259
1.120913,2.43392,0.00097
1.124369,2.43378,0.00183
1.127744,2.43270,0.00320
1.131139,2.43222,0.00175
1.134555,2.43054,0.00126
1.137887,2.42960,0.00108
1.141344,2.42868,0.00274
1.144716,2.42824,0.00146
1.148108,2.42664,0.00136
1.151520,2.42667,0.00213
1.154953,2.42474,0.00107
1.158298,2.42455,0.00255
1.161771,2.42245,0.00068
1.165155,2.42151,0.00105
1.168560,2.42147,0.00102
1.171984,2.42216,0.00070
1.175428,2.42138,0.00084
1.178781,2.42054,0.00107
1.182153,2.41889,0.00000
1.185657,2.41851,0.00118
1.189069,2.41764,0.00079
1.192385,2.41682,0.00056
1.195835,2.41476,0.00013
1.199305,2.41582,0.00000
1.202679,2.41321,0.00140
1.206072,2.41321,0.00000
1.209484,2.41276,0.00122
1.212915,2.41224,0.00000
1.216366,2.41066,0.00000
1.219717,2.41097,0.00000
1.223206,2.40955,0.00060
1.226595,2.40939,0.00000
1.230002,2.40844,0.00046
1.233428,2.40821,0.00171
1.236873,2.40674,0.00000
1.240251,2.40612,0.00097
1.243672,2.40603,0.00000
1.247088,2.40485,0.00146
1.250509,2.40326,0.00000
1.253936,2.40164,0.00047
1.257357,2.40388,0.00000
1.260784,2.40399,0.00000
1.264203,2.40318,0.00000
1.267628,2.40288,0.00000
1.271046,2.40087,0.00099
1.274482,2.40146,0.00054
1.277898,2.39941,0.00000
1.281331,2.40024,0.00000
1.284757,2.39912,0.00000
1.288174,2.39862,0.00040
1.291610,2.39723,0.00000
1.295036,2.39750,0.00000
1.298468,2.39596,0.00106
