%lambda_um,n,k  SnO2:F (FTO) front TCO: Drude-Lorentz model Eq.(1)+Table 1 of K. von Rottkay & M. Rubin, MRS Proc. 426, 449 (1996), doi 10.1557/PROC-426-449 (LBNL Pub. 38586); commercial pyrolytic-CVD FTO on Libbey-Owens-Ford TEC15 glass (292 nm SnO2:F layer), VASE 290-1000 nm + T/R 290-2500 nm; params eps_inf=3.19 A_D=2.173eV2 Gam_D=0.167eV A_L=24.67eV2 Gam_L=0.1275eV E_L=5.26eV; CSV rows are ANALYTIC EVALUATION of that published model (not digitized), 2026-07-31; verified: eps1=0 at 1749nm vs paper plasma-wavelength 1720nm, k(2000)=1.23 & k(2500)=2.07 vs Fig7b ~1.25/~2.1, n(500)=2.00 vs Fig7a ~2.0; implied Ne~4.7e20cm-3 mu~23cm2/Vs (typical FTO)
0.300000,2.32121,0.026024
0.305000,2.29531,0.023559
0.310000,2.27255,0.021525
0.315000,2.25237,0.019827
0.320000,2.23432,0.018395
0.325000,2.21808,0.017177
0.330000,2.20335,0.016134
0.335000,2.18994,0.015234
0.340000,2.17764,0.014455
0.345000,2.16632,0.013777
0.350000,2.15584,0.013184
0.355000,2.14611,0.012666
0.360000,2.13704,0.012210
0.365000,2.12854,0.011810
0.370000,2.12056,0.011459
0.375000,2.11304,0.011150
0.380000,2.10593,0.010878
0.385000,2.09919,0.010641
0.390000,2.09279,0.010434
0.395000,2.08668,0.010254
0.400000,2.08085,0.010099
0.405000,2.07526,0.009966
0.410000,2.06990,0.009854
0.415000,2.06474,0.009761
0.420000,2.05977,0.009685
0.425000,2.05497,0.009626
0.430000,2.05032,0.009582
0.435000,2.04582,0.009552
0.440000,2.04145,0.009535
0.445000,2.03719,0.009530
0.450000,2.03305,0.009538
0.455000,2.02902,0.009556
0.460000,2.02507,0.009585
0.465000,2.02121,0.009625
0.470000,2.01744,0.009674
0.475000,2.01373,0.009732
0.480000,2.01009,0.009800
0.485000,2.00652,0.009876
0.490000,2.00300,0.009960
0.495000,1.99954,0.010053
0.500000,1.99612,0.010153
0.505000,1.99275,0.010261
0.510000,1.98942,0.010377
0.515000,1.98613,0.010500
0.520000,1.98287,0.010631
0.525000,1.97965,0.010768
0.530000,1.97645,0.010913
0.535000,1.97328,0.011064
0.540000,1.97014,0.011223
0.545000,1.96701,0.011388
0.550000,1.96391,0.011559
0.555000,1.96083,0.011738
0.560000,1.95776,0.011923
0.565000,1.95471,0.012114
0.570000,1.95166,0.012312
0.575000,1.94864,0.012517
0.580000,1.94562,0.012728
0.585000,1.94260,0.012945
0.590000,1.93960,0.013169
0.595000,1.93660,0.013399
0.600000,1.93361,0.013636
0.605000,1.93062,0.013879
0.610000,1.92763,0.014128
0.615000,1.92465,0.014384
0.620000,1.92166,0.014647
0.625000,1.91867,0.014915
0.630000,1.91569,0.015191
0.635000,1.91270,0.015473
0.640000,1.90971,0.015761
0.645000,1.90671,0.016056
0.650000,1.90371,0.016358
0.655000,1.90071,0.016666
0.660000,1.89770,0.016981
0.665000,1.89468,0.017303
0.670000,1.89166,0.017632
0.675000,1.88863,0.017967
0.680000,1.88559,0.018309
0.685000,1.88254,0.018659
0.690000,1.87949,0.019015
0.695000,1.87642,0.019378
0.700000,1.87335,0.019748
0.705000,1.87026,0.020126
0.710000,1.86716,0.020510
0.715000,1.86406,0.020902
0.720000,1.86094,0.021302
0.725000,1.85780,0.021708
0.730000,1.85466,0.022122
0.735000,1.85150,0.022544
0.740000,1.84833,0.022973
0.745000,1.84514,0.023410
0.750000,1.84194,0.023855
0.755000,1.83873,0.024307
0.760000,1.83550,0.024768
0.765000,1.83226,0.025236
0.770000,1.82900,0.025712
0.775000,1.82573,0.026197
0.780000,1.82244,0.026690
0.785000,1.81913,0.027191
0.790000,1.81580,0.027700
0.795000,1.81246,0.028218
0.800000,1.80911,0.028745
0.805000,1.80573,0.029280
0.810000,1.80234,0.029824
0.815000,1.79893,0.030377
0.820000,1.79550,0.030938
0.825000,1.79205,0.031509
0.830000,1.78859,0.032089
0.835000,1.78510,0.032678
0.840000,1.78160,0.033277
0.845000,1.77807,0.033885
0.850000,1.77453,0.034503
0.855000,1.77097,0.035130
0.860000,1.76739,0.035767
0.865000,1.76378,0.036414
0.870000,1.76016,0.037072
0.875000,1.75651,0.037739
0.880000,1.75285,0.038416
0.885000,1.74916,0.039104
0.890000,1.74545,0.039803
0.895000,1.74172,0.040512
0.900000,1.73797,0.041232
0.905000,1.73420,0.041963
0.910000,1.73040,0.042705
0.915000,1.72658,0.043458
0.920000,1.72274,0.044222
0.925000,1.71888,0.044998
0.930000,1.71499,0.045785
0.935000,1.71108,0.046585
0.940000,1.70714,0.047396
0.945000,1.70319,0.048219
0.950000,1.69920,0.049055
0.955000,1.69520,0.049902
0.960000,1.69117,0.050763
0.965000,1.68711,0.051636
0.970000,1.68303,0.052522
0.975000,1.67893,0.053421
0.980000,1.67480,0.054333
0.985000,1.67064,0.055259
0.990000,1.66646,0.056198
0.995000,1.66226,0.057151
1.000000,1.65802,0.058118
1.005000,1.65376,0.059099
1.010000,1.64948,0.060095
1.015000,1.64517,0.061105
1.020000,1.64083,0.062130
1.025000,1.63646,0.063170
1.030000,1.63207,0.064225
1.035000,1.62765,0.065295
1.040000,1.62320,0.066381
1.045000,1.61873,0.067483
1.050000,1.61422,0.068601
1.055000,1.60969,0.069735
1.060000,1.60513,0.070886
1.065000,1.60054,0.072054
1.070000,1.59592,0.073239
1.075000,1.59127,0.074441
1.080000,1.58660,0.075660
1.085000,1.58189,0.076898
1.090000,1.57715,0.078153
1.095000,1.57239,0.079427
1.100000,1.56759,0.080720
1.105000,1.56276,0.082032
1.110000,1.55791,0.083363
1.115000,1.55302,0.084713
1.120000,1.54810,0.086084
1.125000,1.54314,0.087475
1.130000,1.53816,0.088886
1.135000,1.53314,0.090318
1.140000,1.52810,0.091772
1.145000,1.52302,0.093247
1.150000,1.51790,0.094744
1.155000,1.51276,0.096263
1.160000,1.50758,0.097805
1.165000,1.50236,0.099370
1.170000,1.49712,0.100959
1.175000,1.49184,0.102571
1.180000,1.48652,0.104208
1.185000,1.48117,0.105870
1.190000,1.47579,0.107557
1.195000,1.47037,0.109269
1.200000,1.46492,0.111008
1.205000,1.45943,0.112773
1.210000,1.45390,0.114566
1.215000,1.44834,0.116385
1.220000,1.44274,0.118233
1.225000,1.43711,0.120110
1.230000,1.43144,0.122016
1.235000,1.42573,0.123951
1.240000,1.41998,0.125917
1.245000,1.41420,0.127914
1.250000,1.40838,0.129942
1.255000,1.40252,0.132002
1.260000,1.39662,0.134095
1.265000,1.39068,0.136221
1.270000,1.38471,0.138381
1.275000,1.37869,0.140576
1.280000,1.37264,0.142807
1.285000,1.36655,0.145074
1.290000,1.36041,0.147377
1.295000,1.35424,0.149718
1.300000,1.34802,0.152098
1.305000,1.34177,0.154517
1.310000,1.33547,0.156977
1.315000,1.32913,0.159477
1.320000,1.32275,0.162019
1.325000,1.31633,0.164604
1.330000,1.30987,0.167233
1.335000,1.30336,0.169907
1.340000,1.29681,0.172626
1.345000,1.29022,0.175392
1.350000,1.28359,0.178206
1.355000,1.27691,0.181069
1.360000,1.27019,0.183982
1.365000,1.26343,0.186946
1.370000,1.25663,0.189963
1.375000,1.24978,0.193033
1.380000,1.24288,0.196158
1.385000,1.23595,0.199339
1.390000,1.22896,0.202578
1.395000,1.22194,0.205875
1.400000,1.21487,0.209233
1.405000,1.20776,0.212653
1.410000,1.20060,0.216136
1.415000,1.19340,0.219684
1.420000,1.18616,0.223299
1.425000,1.17887,0.226981
1.430000,1.17154,0.230734
1.435000,1.16417,0.234557
1.440000,1.15676,0.238454
1.445000,1.14930,0.242426
1.450000,1.14180,0.246476
1.455000,1.13426,0.250604
1.460000,1.12667,0.254812
1.465000,1.11905,0.259104
1.470000,1.11139,0.263481
1.475000,1.10368,0.267944
1.480000,1.09594,0.272497
1.485000,1.08817,0.277142
1.490000,1.08035,0.281879
1.495000,1.07250,0.286713
1.500000,1.06462,0.291645
1.505000,1.05670,0.296678
1.510000,1.04875,0.301814
1.515000,1.04078,0.307055
1.520000,1.03277,0.312403
1.525000,1.02474,0.317862
1.530000,1.01668,0.323434
1.535000,1.00860,0.329121
1.540000,1.00050,0.334926
1.545000,0.99239,0.340850
1.550000,0.98426,0.346898
1.555000,0.97611,0.353069
1.560000,0.96796,0.359369
1.565000,0.95980,0.365797
1.570000,0.95164,0.372357
1.575000,0.94348,0.379051
1.580000,0.93532,0.385880
1.585000,0.92718,0.392847
1.590000,0.91904,0.399953
1.595000,0.91093,0.407200
1.600000,0.90283,0.414589
1.605000,0.89476,0.422121
1.610000,0.88673,0.429798
1.615000,0.87872,0.437619
1.620000,0.87076,0.445586
1.625000,0.86285,0.453698
1.630000,0.85499,0.461955
1.635000,0.84719,0.470357
1.640000,0.83945,0.478903
1.645000,0.83178,0.487592
1.650000,0.82418,0.496422
1.655000,0.81666,0.505391
1.660000,0.80923,0.514498
1.665000,0.80189,0.523740
1.670000,0.79464,0.533113
1.675000,0.78750,0.542615
1.680000,0.78046,0.552242
1.685000,0.77353,0.561989
1.690000,0.76672,0.571853
1.695000,0.76003,0.581829
1.700000,0.75346,0.591913
1.705000,0.74702,0.602098
1.710000,0.74071,0.612381
1.715000,0.73453,0.622755
1.720000,0.72849,0.633216
1.725000,0.72259,0.643757
1.730000,0.71683,0.654372
1.735000,0.71121,0.665057
1.740000,0.70573,0.675804
1.745000,0.70039,0.686610
1.750000,0.69520,0.697467
1.755000,0.69015,0.708370
1.760000,0.68524,0.719314
1.765000,0.68048,0.730294
1.770000,0.67586,0.741304
1.775000,0.67138,0.752339
1.780000,0.66704,0.763395
1.785000,0.66284,0.774466
1.790000,0.65877,0.785549
1.795000,0.65483,0.796638
1.800000,0.65103,0.807731
1.805000,0.64736,0.818824
1.810000,0.64382,0.829911
1.815000,0.64040,0.840992
1.820000,0.63710,0.852061
1.825000,0.63392,0.863116
1.830000,0.63086,0.874155
1.835000,0.62791,0.885175
1.840000,0.62507,0.896173
1.845000,0.62235,0.907148
1.850000,0.61972,0.918097
1.855000,0.61721,0.929018
1.860000,0.61479,0.939911
1.865000,0.61247,0.950772
1.870000,0.61025,0.961601
1.875000,0.60811,0.972397
1.880000,0.60607,0.983159
1.885000,0.60412,0.993885
1.890000,0.60225,1.004575
1.895000,0.60047,1.015227
1.900000,0.59876,1.025842
1.905000,0.59714,1.036418
1.910000,0.59559,1.046955
1.915000,0.59411,1.057453
1.920000,0.59271,1.067911
1.925000,0.59137,1.078329
1.930000,0.59010,1.088707
1.935000,0.58890,1.099044
1.940000,0.58777,1.109340
1.945000,0.58669,1.119596
1.950000,0.58567,1.129812
1.955000,0.58472,1.139986
1.960000,0.58382,1.150120
1.965000,0.58297,1.160213
1.970000,0.58218,1.170266
1.975000,0.58145,1.180279
1.980000,0.58076,1.190251
1.985000,0.58012,1.200184
1.990000,0.57953,1.210077
1.995000,0.57899,1.219930
2.000000,0.57849,1.229744
2.005000,0.57804,1.239520
2.010000,0.57763,1.249256
2.015000,0.57726,1.258954
2.020000,0.57693,1.268614
2.025000,0.57665,1.278236
2.030000,0.57640,1.287821
2.035000,0.57619,1.297368
2.040000,0.57601,1.306879
2.045000,0.57587,1.316353
2.050000,0.57577,1.325791
2.055000,0.57570,1.335194
2.060000,0.57566,1.344560
2.065000,0.57566,1.353892
2.070000,0.57569,1.363189
2.075000,0.57575,1.372451
2.080000,0.57584,1.381680
2.085000,0.57595,1.390874
2.090000,0.57610,1.400036
2.095000,0.57628,1.409164
2.100000,0.57648,1.418260
2.105000,0.57671,1.427323
2.110000,0.57696,1.436354
2.115000,0.57724,1.445354
2.120000,0.57755,1.454322
2.125000,0.57788,1.463259
2.130000,0.57823,1.472166
2.135000,0.57861,1.481042
2.140000,0.57901,1.489889
2.145000,0.57943,1.498705
2.150000,0.57988,1.507493
2.155000,0.58034,1.516251
2.160000,0.58083,1.524981
2.165000,0.58134,1.533682
2.170000,0.58186,1.542355
2.175000,0.58241,1.551001
2.180000,0.58298,1.559619
2.185000,0.58356,1.568210
2.190000,0.58417,1.576773
2.195000,0.58479,1.585311
2.200000,0.58543,1.593822
2.205000,0.58609,1.602307
2.210000,0.58676,1.610766
2.215000,0.58745,1.619200
2.220000,0.58816,1.627608
2.225000,0.58889,1.635992
2.230000,0.58963,1.644351
2.235000,0.59038,1.652685
2.240000,0.59115,1.660996
2.245000,0.59194,1.669282
2.250000,0.59274,1.677545
2.255000,0.59356,1.685784
2.260000,0.59439,1.694000
2.265000,0.59523,1.702194
2.270000,0.59609,1.710364
2.275000,0.59696,1.718513
2.280000,0.59785,1.726639
2.285000,0.59874,1.734743
2.290000,0.59966,1.742825
2.295000,0.60058,1.750885
2.300000,0.60152,1.758925
2.305000,0.60247,1.766943
2.310000,0.60343,1.774940
2.315000,0.60440,1.782917
2.320000,0.60538,1.790873
2.325000,0.60638,1.798808
2.330000,0.60739,1.806724
2.335000,0.60841,1.814620
2.340000,0.60944,1.822496
2.345000,0.61048,1.830352
2.350000,0.61153,1.838189
2.355000,0.61260,1.846007
2.360000,0.61367,1.853806
2.365000,0.61475,1.861586
2.370000,0.61585,1.869348
2.375000,0.61695,1.877091
2.380000,0.61806,1.884816
2.385000,0.61919,1.892522
2.390000,0.62032,1.900211
2.395000,0.62146,1.907882
2.400000,0.62261,1.915536
2.405000,0.62377,1.923171
2.410000,0.62495,1.930790
2.415000,0.62612,1.938391
2.420000,0.62731,1.945976
2.425000,0.62851,1.953544
2.430000,0.62972,1.961094
2.435000,0.63093,1.968629
2.440000,0.63215,1.976147
2.445000,0.63338,1.983648
2.450000,0.63462,1.991134
2.455000,0.63587,1.998604
2.460000,0.63713,2.006057
2.465000,0.63839,2.013495
2.470000,0.63966,2.020918
2.475000,0.64094,2.028325
2.480000,0.64223,2.035716
2.485000,0.64352,2.043093
2.490000,0.64483,2.050454
2.495000,0.64614,2.057801
2.500000,0.64745,2.065132
